dist,pow,lum
0,0,0
0,0.1,59.8
0,0.2,120.2
0,0.3,178
0,0.4,227.6
0,0.5,268.7
0,0.6,304.8
0,0.7,337.9
0,0.8,367.7
0,0.9,394.8
0,1,419.3
0,1.1,441.7
0,1.2,461.8
0,1.3,480.5
0,1.4,497.1
0,1.5,512
0,1.6,525.6
0,1.7,538.7
0,1.8,551.1
0,1.9,563
0.001,0,0
0.001,0.1,34.8
0.001,0.2,70.4
0.001,0.3,105.7
0.001,0.4,139.9
0.001,0.5,171.6
0.001,0.6,199.4
0.001,0.7,224.6
0.001,0.8,248
0.001,0.9,270.2
0.001,1,291.5
0.001,1.1,311.7
0.001,1.2,331
0.001,1.3,349.3
0.001,1.4,366.2
0.001,1.5,382.2
0.001,1.6,396.9
0.001,1.7,410.6
0.001,1.8,423.5
0.001,1.9,435.2
0.002,0,0
0.002,0.1,23.7
0.002,0.2,48
0.002,0.3,72.3
0.002,0.4,96.4
0.002,0.5,119.9
0.002,0.6,142.4
0.002,0.7,163.1
0.002,0.8,182
0.002,0.9,199.8
0.002,1,216.6
0.002,1.1,232.8
0.002,1.2,248.7
0.002,1.3,263.9
0.002,1.4,278.7
0.002,1.5,293.1
0.002,1.6,307
0.002,1.7,320.4
0.002,1.8,333.2
0.002,1.9,345.3
0.003,0,0
0.003,0.1,17.5
0.003,0.2,35.5
0.003,0.3,53.4
0.003,0.4,71.3
0.003,0.5,89.1
0.003,0.6,106.5
0.003,0.7,123.5
0.003,0.8,139.6
0.003,0.9,154.5
0.003,1,168.5
0.003,1.1,182
0.003,1.2,194.9
0.003,1.3,207.5
0.003,1.4,219.8
0.003,1.5,231.8
0.003,1.6,243.6
0.003,1.7,255
0.003,1.8,266.2
0.003,1.9,277.1
0.004,0,0
0.004,0.1,13.6
0.004,0.2,27.4
0.004,0.3,41.4
0.004,0.4,55.3
0.004,0.5,69.1
0.004,0.6,82.9
0.004,0.7,96.4
0.004,0.8,109.7
0.004,0.9,122.5
0.004,1,134.7
0.004,1.1,146.1
0.004,1.2,157.1
0.004,1.3,167.7
0.004,1.4,178
0.004,1.5,188.1
0.004,1.6,198
0.004,1.7,207.7
0.004,1.8,217.3
0.004,1.9,226.6
0.005,0,0
0.005,0.1,10.9
0.005,0.2,22
0.005,0.3,33.2
0.005,0.4,44.4
0.005,0.5,55.5
0.005,0.6,66.7
0.005,0.7,77.7
0.005,0.8,88.6
0.005,0.9,99.4
0.005,1,109.9
0.005,1.1,120
0.005,1.2,129.5
0.005,1.3,138.7
0.005,1.4,147.7
0.005,1.5,156.3
0.005,1.6,164.8
0.005,1.7,173.1
0.005,1.8,181.3
0.005,1.9,189.3
0.006,0,0
0.006,0.1,9
0.006,0.2,18.1
0.006,0.3,27.3
0.006,0.4,36.6
0.006,0.5,45.8
0.006,0.6,55
0.006,0.7,64.1
0.006,0.8,73.2
0.006,0.9,82.3
0.006,1,91.2
0.006,1.1,99.9
0.006,1.2,108.4
0.006,1.3,116.6
0.006,1.4,124.4
0.006,1.5,132
0.006,1.6,139.4
0.006,1.7,146.6
0.006,1.8,153.7
0.006,1.9,160.7
0.007,0,0
0.007,0.1,7.6
0.007,0.2,15.3
0.007,0.3,23.1
0.007,0.4,30.8
0.007,0.5,38.6
0.007,0.6,46.4
0.007,0.7,54.1
0.007,0.8,61.9
0.007,0.9,69.5
0.007,1,77.2
0.007,1.1,84.7
0.007,1.2,92.1
0.007,1.3,99.4
0.007,1.4,106.5
0.007,1.5,113.3
0.007,1.6,119.8
0.007,1.7,126.3
0.007,1.8,132.6
0.007,1.9,138.8
0.008,0,0
0.008,0.1,6.5
0.008,0.2,13.1
0.008,0.3,19.7
0.008,0.4,26.4
0.008,0.5,33.1
0.008,0.6,39.7
0.008,0.7,46.4
0.008,0.8,53
0.008,0.9,59.6
0.008,1,66.2
0.008,1.1,72.8
0.008,1.2,79.3
0.008,1.3,85.7
0.008,1.4,91.9
0.008,1.5,98.1
0.008,1.6,104.1
0.008,1.7,109.8
0.008,1.8,115.5
0.008,1.9,121
0.009,0,0
0.009,0.1,5.6
0.009,0.2,11.4
0.009,0.3,17.1
0.009,0.4,22.9
0.009,0.5,28.7
0.009,0.6,34.5
0.009,0.7,40.3
0.009,0.8,46
0.009,0.9,51.8
0.009,1,57.6
0.009,1.1,63.3
0.009,1.2,69
0.009,1.3,74.6
0.009,1.4,80.2
0.009,1.5,85.7
0.009,1.6,91.1
0.009,1.7,96.4
0.009,1.8,101.5
0.009,1.9,106.4
0.01,0,0
0.01,0.1,4.9
0.01,0.2,10
0.01,0.3,15.1
0.01,0.4,20.1
0.01,0.5,25.2
0.01,0.6,30.3
0.01,0.7,35.4
0.01,0.8,40.5
0.01,0.9,45.6
0.01,1,50.6
0.01,1.1,55.7
0.01,1.2,60.7
0.01,1.3,65.7
0.01,1.4,70.7
0.01,1.5,75.6
0.01,1.6,80.5
0.01,1.7,85.3
0.01,1.8,90
0.01,1.9,94.6
0.011,0,0
0.011,0.1,4.4
0.011,0.2,8.9
0.011,0.3,13.3
0.011,0.4,17.8
0.011,0.5,22.4
0.011,0.6,26.9
0.011,0.7,31.4
0.011,0.8,35.9
0.011,0.9,40.4
0.011,1,44.9
0.011,1.1,49.4
0.011,1.2,53.9
0.011,1.3,58.3
0.011,1.4,62.8
0.011,1.5,67.2
0.011,1.6,71.5
0.011,1.7,75.9
0.011,1.8,80.1
0.011,1.9,84.3
0.012,0,0
0.012,0.1,3.9
0.012,0.2,7.9
0.012,0.3,11.9
0.012,0.4,16
0.012,0.5,20
0.012,0.6,24
0.012,0.7,28.1
0.012,0.8,32.1
0.012,0.9,36.1
0.012,1,40.2
0.012,1.1,44.2
0.012,1.2,48.2
0.012,1.3,52.2
0.012,1.4,56.2
0.012,1.5,60.2
0.012,1.6,64.1
0.012,1.7,68.1
0.012,1.8,71.9
0.012,1.9,75.8
0.013,0,0
0.013,0.1,3.5
0.013,0.2,7.1
0.013,0.3,10.8
0.013,0.4,14.4
0.013,0.5,18
0.013,0.6,21.7
0.013,0.7,25.3
0.013,0.8,28.9
0.013,0.9,32.6
0.013,1,36.2
0.013,1.1,39.8
0.013,1.2,43.5
0.013,1.3,47.1
0.013,1.4,50.7
0.013,1.5,54.3
0.013,1.6,57.9
0.013,1.7,61.4
0.013,1.8,65
0.013,1.9,68.5
0.014,0,0
0.014,0.1,3.2
0.014,0.2,6.5
0.014,0.3,9.8
0.014,0.4,13
0.014,0.5,16.3
0.014,0.6,19.6
0.014,0.7,22.9
0.014,0.8,26.2
0.014,0.9,29.5
0.014,1,32.8
0.014,1.1,36.1
0.014,1.2,39.4
0.014,1.3,42.7
0.014,1.4,46
0.014,1.5,49.3
0.014,1.6,52.5
0.014,1.7,55.8
0.014,1.8,59
0.014,1.9,62.2
0.015,0,0
0.015,0.1,2.9
0.015,0.2,5.9
0.015,0.3,8.9
0.015,0.4,11.9
0.015,0.5,14.9
0.015,0.6,17.9
0.015,0.7,20.9
0.015,0.8,24
0.015,0.9,27
0.015,1,30
0.015,1.1,33
0.015,1.2,36
0.015,1.3,39
0.015,1.4,42
0.015,1.5,45
0.015,1.6,48
0.015,1.7,51
0.015,1.8,54
0.015,1.9,56.9
0.016,0,0
0.016,0.1,2.7
0.016,0.2,5.4
0.016,0.3,8.2
0.016,0.4,10.9
0.016,0.5,13.7
0.016,0.6,16.4
0.016,0.7,19.2
0.016,0.8,22
0.016,0.9,24.7
0.016,1,27.5
0.016,1.1,30.2
0.016,1.2,33
0.016,1.3,35.8
0.016,1.4,38.5
0.016,1.5,41.3
0.016,1.6,44
0.016,1.7,46.7
0.016,1.8,49.5
0.016,1.9,52.2
0.017,0,0
0.017,0.1,2.5
0.017,0.2,5
0.017,0.3,7.5
0.017,0.4,10.1
0.017,0.5,12.6
0.017,0.6,15.1
0.017,0.7,17.7
0.017,0.8,20.2
0.017,0.9,22.8
0.017,1,25.3
0.017,1.1,27.9
0.017,1.2,30.4
0.017,1.3,33
0.017,1.4,35.5
0.017,1.5,38
0.017,1.6,40.6
0.017,1.7,43.1
0.017,1.8,45.6
0.017,1.9,48.1
0.018,0,0
0.018,0.1,2.3
0.018,0.2,4.6
0.018,0.3,7
0.018,0.4,9.3
0.018,0.5,11.6
0.018,0.6,14
0.018,0.7,16.3
0.018,0.8,18.7
0.018,0.9,21.1
0.018,1,23.4
0.018,1.1,25.8
0.018,1.2,28.1
0.018,1.3,30.5
0.018,1.4,32.8
0.018,1.5,35.2
0.018,1.6,37.5
0.018,1.7,39.8
0.018,1.8,42.2
0.018,1.9,44.5
0.019,0,0
0.019,0.1,2.1
0.019,0.2,4.3
0.019,0.3,6.4
0.019,0.4,8.6
0.019,0.5,10.8
0.019,0.6,13
0.019,0.7,15.2
0.019,0.8,17.4
0.019,0.9,19.5
0.019,1,21.7
0.019,1.1,23.9
0.019,1.2,26.1
0.019,1.3,28.3
0.019,1.4,30.4
0.019,1.5,32.6
0.019,1.6,34.8
0.019,1.7,37
0.019,1.8,39.2
0.019,1.9,41.3
0.02,0,0
0.02,0.1,2
0.02,0.2,4
0.02,0.3,6
0.02,0.4,8
0.02,0.5,10
0.02,0.6,12.1
0.02,0.7,14.1
0.02,0.8,16.1
0.02,0.9,18.2
0.02,1,20.2
0.02,1.1,22.2
0.02,1.2,24.3
0.02,1.3,26.3
0.02,1.4,28.3
0.02,1.5,30.3
0.02,1.6,32.4
0.02,1.7,34.4
0.02,1.8,36.4
0.02,1.9,38.4
0.021,0,0
0.021,0.1,1.8
0.021,0.2,3.7
0.021,0.3,5.6
0.021,0.4,7.5
0.021,0.5,9.4
0.021,0.6,11.3
0.021,0.7,13.2
0.021,0.8,15.1
0.021,0.9,17
0.021,1,18.9
0.021,1.1,20.8
0.021,1.2,22.7
0.021,1.3,24.6
0.021,1.4,26.5
0.021,1.5,28.4
0.021,1.6,30.3
0.021,1.7,32.1
0.021,1.8,34
0.021,1.9,35.9
0.022,0,0
0.022,0.1,1.7
0.022,0.2,3.5
0.022,0.3,5.3
0.022,0.4,7
0.022,0.5,8.8
0.022,0.6,10.6
0.022,0.7,12.3
0.022,0.8,14.1
0.022,0.9,15.9
0.022,1,17.7
0.022,1.1,19.5
0.022,1.2,21.2
0.022,1.3,23
0.022,1.4,24.8
0.022,1.5,26.6
0.022,1.6,28.3
0.022,1.7,30.1
0.022,1.8,31.9
0.022,1.9,33.7
0.023,0,0
0.023,0.1,1.6
0.023,0.2,3.3
0.023,0.3,4.9
0.023,0.4,6.6
0.023,0.5,8.3
0.023,0.6,9.9
0.023,0.7,11.6
0.023,0.8,13.3
0.023,0.9,14.9
0.023,1,16.6
0.023,1.1,18.3
0.023,1.2,19.9
0.023,1.3,21.6
0.023,1.4,23.3
0.023,1.5,24.9
0.023,1.6,26.6
0.023,1.7,28.3
0.023,1.8,29.9
0.023,1.9,31.6
0.024,0,0
0.024,0.1,1.5
0.024,0.2,3.1
0.024,0.3,4.6
0.024,0.4,6.2
0.024,0.5,7.8
0.024,0.6,9.3
0.024,0.7,10.9
0.024,0.8,12.5
0.024,0.9,14.1
0.024,1,15.6
0.024,1.1,17.2
0.024,1.2,18.8
0.024,1.3,20.3
0.024,1.4,21.9
0.024,1.5,23.5
0.024,1.6,25.1
0.024,1.7,26.6
0.024,1.8,28.2
0.024,1.9,29.8
0.025,0,0
0.025,0.1,1.4
0.025,0.2,2.9
0.025,0.3,4.4
0.025,0.4,5.9
0.025,0.5,7.3
0.025,0.6,8.8
0.025,0.7,10.3
0.025,0.8,11.8
0.025,0.9,13.3
0.025,1,14.7
0.025,1.1,16.2
0.025,1.2,17.7
0.025,1.3,19.2
0.025,1.4,20.7
0.025,1.5,22.2
0.025,1.6,23.6
0.025,1.7,25.1
0.025,1.8,26.6
0.025,1.9,28.1
0,2,574.3
0,2.1,584.9
0,2.2,595.1
0,2.3,604.9
0,2.4,614.4
0,2.5,623.7
0,2.6,632.7
0,2.7,641.5
0,2.8,650.2
0,2.9,658.7
0,3,667
0,3.1,675.2
0,3.2,683.3
0,3.3,691.3
0,3.4,699.2
0,3.5,706.9
0,3.6,714.6
0,3.7,722.2
0,3.8,729.7
0,3.9,737.1
0.001,2,445.7
0.001,2.1,455.7
0.001,2.2,464.9
0.001,2.3,474.5
0.001,2.4,483.3
0.001,2.5,491.9
0.001,2.6,500.2
0.001,2.7,508
0.001,2.8,515.5
0.001,2.9,522.8
0.001,3,529.9
0.001,3.1,536.9
0.001,3.2,543.6
0.001,3.3,550.3
0.001,3.4,556.9
0.001,3.5,563.4
0.001,3.6,569.8
0.001,3.7,576.1
0.001,3.8,582.3
0.001,3.9,588.4
0.002,2,357.1
0.002,2.1,368.1
0.002,2.2,378.6
0.002,2.3,388.5
0.002,2.4,397.6
0.002,2.5,406.1
0.002,2.6,414.1
0.002,2.7,421.5
0.002,2.8,428.9
0.002,2.9,436.3
0.002,3,443.4
0.002,3.1,450.3
0.002,3.2,456.9
0.002,3.3,463.4
0.002,3.4,469.5
0.002,3.5,475.4
0.002,3.6,481.1
0.002,3.7,486.7
0.002,3.8,492.2
0.002,3.9,497.7
0.003,2,287.8
0.003,2.1,298.3
0.003,2.2,308.3
0.003,2.3,318
0.003,2.4,327.3
0.003,2.5,336.4
0.003,2.6,345.1
0.003,2.7,353.5
0.003,2.8,361.4
0.003,2.9,369.1
0.003,3,376.1
0.003,3.1,382.9
0.003,3.2,389.2
0.003,3.3,395.3
0.003,3.4,401.3
0.003,3.5,407.2
0.003,3.6,413.1
0.003,3.7,418.8
0.003,3.8,424.4
0.003,3.9,429.8
0.004,2,235.9
0.004,2.1,244.9
0.004,2.2,253.8
0.004,2.3,262.5
0.004,2.4,271
0.004,2.5,279.4
0.004,2.6,287.5
0.004,2.7,295.5
0.004,2.8,303.2
0.004,2.9,310.7
0.004,3,318
0.004,3.1,325.1
0.004,3.2,331.9
0.004,3.3,338.5
0.004,3.4,344.9
0.004,3.5,350.9
0.004,3.6,356.7
0.004,3.7,362.3
0.004,3.8,367.5
0.004,3.9,372.8
0.005,2,197.3
0.005,2.1,205.1
0.005,2.2,212.8
0.005,2.3,220.4
0.005,2.4,227.9
0.005,2.5,235.3
0.005,2.6,242.6
0.005,2.7,249.8
0.005,2.8,256.9
0.005,2.9,263.8
0.005,3,270.5
0.005,3.1,277.2
0.005,3.2,283.8
0.005,3.3,290.1
0.005,3.4,296.3
0.005,3.5,302.4
0.005,3.6,308.4
0.005,3.7,314.1
0.005,3.8,319.6
0.005,3.9,325.1
0.006,2,167.6
0.006,2.1,174.4
0.006,2.2,181.2
0.006,2.3,187.8
0.006,2.4,194.4
0.006,2.5,200.9
0.006,2.6,207.3
0.006,2.7,213.7
0.006,2.8,219.9
0.006,2.9,226.1
0.006,3,232.2
0.006,3.1,238.3
0.006,3.2,244.2
0.006,3.3,250.1
0.006,3.4,255.8
0.006,3.5,261.5
0.006,3.6,267.1
0.006,3.7,272.6
0.006,3.8,277.9
0.006,3.9,283.1
0.007,2,144.8
0.007,2.1,150.8
0.007,2.2,156.7
0.007,2.3,162.6
0.007,2.4,168.4
0.007,2.5,174.2
0.007,2.6,179.9
0.007,2.7,185.5
0.007,2.8,191.1
0.007,2.9,196.6
0.007,3,202.1
0.007,3.1,207.5
0.007,3.2,212.9
0.007,3.3,218.1
0.007,3.4,223.4
0.007,3.5,228.6
0.007,3.6,233.7
0.007,3.7,238.7
0.007,3.8,243.7
0.007,3.9,248.6
0.008,2,126.5
0.008,2.1,131.8
0.008,2.2,137.1
0.008,2.3,142.3
0.008,2.4,147.4
0.008,2.5,152.5
0.008,2.6,157.6
0.008,2.7,162.6
0.008,2.8,167.6
0.008,2.9,172.6
0.008,3,177.5
0.008,3.1,182.3
0.008,3.2,187.1
0.008,3.3,191.9
0.008,3.4,196.6
0.008,3.5,201.3
0.008,3.6,206
0.008,3.7,210.6
0.008,3.8,215.1
0.008,3.9,219.6
0.009,2,111.4
0.009,2.1,116.2
0.009,2.2,121
0.009,2.3,125.6
0.009,2.4,130.3
0.009,2.5,134.8
0.009,2.6,139.4
0.009,2.7,143.9
0.009,2.8,148.3
0.009,2.9,152.8
0.009,3,157.2
0.009,3.1,161.6
0.009,3.2,165.9
0.009,3.3,170.2
0.009,3.4,174.5
0.009,3.5,178.7
0.009,3.6,182.9
0.009,3.7,187.1
0.009,3.8,191.2
0.009,3.9,195.4
0.01,2,99
0.01,2.1,103.4
0.01,2.2,107.8
0.01,2.3,112
0.01,2.4,116.2
0.01,2.5,120.4
0.01,2.6,124.5
0.01,2.7,128.5
0.01,2.8,132.6
0.01,2.9,136.6
0.01,3,140.6
0.01,3.1,144.5
0.01,3.2,148.5
0.01,3.3,152.4
0.01,3.4,156.3
0.01,3.5,160.1
0.01,3.6,163.9
0.01,3.7,167.7
0.01,3.8,171.5
0.01,3.9,175.3
0.011,2,88.5
0.011,2.1,92.5
0.011,2.2,96.4
0.011,2.3,100.3
0.011,2.4,104.2
0.011,2.5,108
0.011,2.6,111.7
0.011,2.7,115.4
0.011,2.8,119.1
0.011,2.9,122.7
0.011,3,126.3
0.011,3.1,129.9
0.011,3.2,133.5
0.011,3.3,137
0.011,3.4,140.6
0.011,3.5,144.1
0.011,3.6,147.6
0.011,3.7,151
0.011,3.8,154.5
0.011,3.9,157.9
0.012,2,79.6
0.012,2.1,83.3
0.012,2.2,87
0.012,2.3,90.5
0.012,2.4,94.1
0.012,2.5,97.6
0.012,2.6,101
0.012,2.7,104.4
0.012,2.8,107.8
0.012,2.9,111.1
0.012,3,114.4
0.012,3.1,117.7
0.012,3.2,120.9
0.012,3.3,124.2
0.012,3.4,127.4
0.012,3.5,130.6
0.012,3.6,133.8
0.012,3.7,137
0.012,3.8,140.1
0.012,3.9,143.3
0.013,2,72
0.013,2.1,75.4
0.013,2.2,78.8
0.013,2.3,82.1
0.013,2.4,85.4
0.013,2.5,88.6
0.013,2.6,91.8
0.013,2.7,94.9
0.013,2.8,98
0.013,2.9,101.1
0.013,3,104.1
0.013,3.1,107.2
0.013,3.2,110.1
0.013,3.3,113.1
0.013,3.4,116.1
0.013,3.5,119
0.013,3.6,122
0.013,3.7,124.9
0.013,3.8,127.8
0.013,3.9,130.7
0.014,2,65.4
0.014,2.1,68.6
0.014,2.2,71.7
0.014,2.3,74.8
0.014,2.4,77.9
0.014,2.5,80.9
0.014,2.6,83.8
0.014,2.7,86.7
0.014,2.8,89.6
0.014,2.9,92.5
0.014,3,95.3
0.014,3.1,98.1
0.014,3.2,100.9
0.014,3.3,103.6
0.014,3.4,106.4
0.014,3.5,109.1
0.014,3.6,111.8
0.014,3.7,114.5
0.014,3.8,117.2
0.014,3.9,119.8
0.015,2,59.9
0.015,2.1,62.8
0.015,2.2,65.7
0.015,2.3,68.6
0.015,2.4,71.4
0.015,2.5,74.2
0.015,2.6,77
0.015,2.7,79.7
0.015,2.8,82.4
0.015,2.9,85
0.015,3,87.6
0.015,3.1,90.3
0.015,3.2,92.8
0.015,3.3,95.4
0.015,3.4,97.9
0.015,3.5,100.5
0.015,3.6,103
0.015,3.7,105.5
0.015,3.8,108
0.015,3.9,110.4
0.016,2,54.9
0.016,2.1,57.6
0.016,2.2,60.3
0.016,2.3,63
0.016,2.4,65.6
0.016,2.5,68.2
0.016,2.6,70.8
0.016,2.7,73.4
0.016,2.8,75.9
0.016,2.9,78.3
0.016,3,80.8
0.016,3.1,83.2
0.016,3.2,85.6
0.016,3.3,88
0.016,3.4,90.4
0.016,3.5,92.8
0.016,3.6,95.1
0.016,3.7,97.4
0.016,3.8,99.7
0.016,3.9,102
0.017,2,50.6
0.017,2.1,53.1
0.017,2.2,55.6
0.017,2.3,58.1
0.017,2.4,60.6
0.017,2.5,63
0.017,2.6,65.4
0.017,2.7,67.8
0.017,2.8,70.2
0.017,2.9,72.5
0.017,3,74.8
0.017,3.1,77.1
0.017,3.2,79.3
0.017,3.3,81.6
0.017,3.4,83.8
0.017,3.5,86
0.017,3.6,88.2
0.017,3.7,90.4
0.017,3.8,92.6
0.017,3.9,94.7
0.018,2,46.8
0.018,2.1,49.2
0.018,2.2,51.5
0.018,2.3,53.8
0.018,2.4,56.1
0.018,2.5,58.3
0.018,2.6,60.6
0.018,2.7,62.8
0.018,2.8,65.1
0.018,2.9,67.3
0.018,3,69.4
0.018,3.1,71.6
0.018,3.2,73.7
0.018,3.3,75.8
0.018,3.4,77.9
0.018,3.5,80
0.018,3.6,82
0.018,3.7,84.1
0.018,3.8,86.1
0.018,3.9,88.1
0.019,2,43.5
0.019,2.1,45.6
0.019,2.2,47.8
0.019,2.3,49.9
0.019,2.4,52.1
0.019,2.5,54.2
0.019,2.6,56.3
0.019,2.7,58.4
0.019,2.8,60.5
0.019,2.9,62.6
0.019,3,64.6
0.019,3.1,66.7
0.019,3.2,68.7
0.019,3.3,70.6
0.019,3.4,72.6
0.019,3.5,74.6
0.019,3.6,76.5
0.019,3.7,78.4
0.019,3.8,80.3
0.019,3.9,82.2
0.02,2,40.5
0.02,2.1,42.5
0.02,2.2,44.5
0.02,2.3,46.5
0.02,2.4,48.5
0.02,2.5,50.5
0.02,2.6,52.4
0.02,2.7,54.4
0.02,2.8,56.4
0.02,2.9,58.3
0.02,3,60.3
0.02,3.1,62.2
0.02,3.2,64.1
0.02,3.3,65.9
0.02,3.4,67.8
0.02,3.5,69.6
0.02,3.6,71.4
0.02,3.7,73.2
0.02,3.8,75
0.02,3.9,76.8
0.021,2,37.8
0.021,2.1,39.7
0.021,2.2,41.6
0.021,2.3,43.5
0.021,2.4,45.3
0.021,2.5,47.2
0.021,2.6,49.1
0.021,2.7,50.9
0.021,2.8,52.8
0.021,2.9,54.6
0.021,3,56.4
0.021,3.1,58.2
0.021,3.2,60
0.021,3.3,61.8
0.021,3.4,63.5
0.021,3.5,65.3
0.021,3.6,67
0.021,3.7,68.7
0.021,3.8,70.4
0.021,3.9,72.1
0.022,2,35.4
0.022,2.1,37.2
0.022,2.2,39
0.022,2.3,40.7
0.022,2.4,42.5
0.022,2.5,44.2
0.022,2.6,46
0.022,2.7,47.7
0.022,2.8,49.5
0.022,2.9,51.2
0.022,3,52.9
0.022,3.1,54.6
0.022,3.2,56.3
0.022,3.3,58
0.022,3.4,59.7
0.022,3.5,61.3
0.022,3.6,63
0.022,3.7,64.6
0.022,3.8,66.2
0.022,3.9,67.8
0.023,2,33.3
0.023,2.1,34.9
0.023,2.2,36.6
0.023,2.3,38.2
0.023,2.4,39.9
0.023,2.5,41.6
0.023,2.6,43.2
0.023,2.7,44.8
0.023,2.8,46.5
0.023,2.9,48.1
0.023,3,49.7
0.023,3.1,51.4
0.023,3.2,53
0.023,3.3,54.6
0.023,3.4,56.1
0.023,3.5,57.7
0.023,3.6,59.3
0.023,3.7,60.8
0.023,3.8,62.3
0.023,3.9,63.9
0.024,2,31.3
0.024,2.1,32.9
0.024,2.2,34.5
0.024,2.3,36
0.024,2.4,37.6
0.024,2.5,39.1
0.024,2.6,40.7
0.024,2.7,42.2
0.024,2.8,43.8
0.024,2.9,45.3
0.024,3,46.9
0.024,3.1,48.4
0.024,3.2,49.9
0.024,3.3,51.4
0.024,3.4,52.9
0.024,3.5,54.4
0.024,3.6,55.9
0.024,3.7,57.4
0.024,3.8,58.9
0.024,3.9,60.3
0.025,2,29.6
0.025,2.1,31.1
0.025,2.2,32.5
0.025,2.3,34
0.025,2.4,35.5
0.025,2.5,37
0.025,2.6,38.4
0.025,2.7,39.9
0.025,2.8,41.4
0.025,2.9,42.8
0.025,3,44.3
0.025,3.1,45.7
0.025,3.2,47.2
0.025,3.3,48.6
0.025,3.4,50
0.025,3.5,51.5
0.025,3.6,52.9
0.025,3.7,54.3
0.025,3.8,55.7
0.025,3.9,57.1
0,4,744.4
0,4.1,751.6
0,4.2,758.8
0,4.3,765.9
0,4.4,772.9
0,4.5,779.9
0,4.6,786.8
0,4.7,793.6
0,4.8,800.4
0,4.9,807.1
0,5,813.8
0,5.1,820.4
0,5.2,827
0,5.3,833.6
0,5.4,840
0,5.5,846.5
0,5.6,852.9
0,5.7,859.2
0,5.8,865.6
0,5.9,871.8
0,6,878.1
0.001,4,594.4
0.001,4.1,600.4
0.001,4.2,606.4
0.001,4.3,612.2
0.001,4.4,618.1
0.001,4.5,623.8
0.001,4.6,629.5
0.001,4.7,635.2
0.001,4.8,640.8
0.001,4.9,646.3
0.001,5,651.8
0.001,5.1,657.3
0.001,5.2,662.7
0.001,5.3,668
0.001,5.4,673.4
0.001,5.5,678.7
0.001,5.6,683.9
0.001,5.7,689.2
0.001,5.8,694.4
0.001,5.9,699.5
0.001,6,704.6
0.002,4,503.1
0.002,4.1,508.4
0.002,4.2,513.6
0.002,4.3,518.8
0.002,4.4,523.9
0.002,4.5,528.9
0.002,4.6,534
0.002,4.7,538.9
0.002,4.8,543.8
0.002,4.9,548.7
0.002,5,553.5
0.002,5.1,558.3
0.002,5.2,563
0.002,5.3,567.7
0.002,5.4,572.4
0.002,5.5,577
0.002,5.6,581.6
0.002,5.7,586.2
0.002,5.8,590.7
0.002,5.9,595.2
0.002,6,599.7
0.003,4,435.1
0.003,4.1,440.2
0.003,4.2,445.1
0.003,4.3,449.9
0.003,4.4,454.5
0.003,4.5,459.2
0.003,4.6,463.7
0.003,4.7,468.2
0.003,4.8,472.6
0.003,4.9,477
0.003,5,481.3
0.003,5.1,485.6
0.003,5.2,489.9
0.003,5.3,494.1
0.003,5.4,498.3
0.003,5.5,502.4
0.003,5.6,506.5
0.003,5.7,510.6
0.003,5.8,514.7
0.003,5.9,518.7
0.003,6,522.7
0.004,4,378
0.004,4.1,382.9
0.004,4.2,387.8
0.004,4.3,392.7
0.004,4.4,397.4
0.004,4.5,401.9
0.004,4.6,406.5
0.004,4.7,410.9
0.004,4.8,415.1
0.004,4.9,419.4
0.004,5,423.5
0.004,5.1,427.5
0.004,5.2,431.5
0.004,5.3,435.4
0.004,5.4,439.3
0.004,5.5,443.2
0.004,5.6,446.9
0.004,5.7,450.7
0.004,5.8,454.4
0.004,5.9,458
0.004,6,461.7
0.005,4,330.3
0.005,4.1,335.3
0.005,4.2,340.2
0.005,4.3,344.9
0.005,4.4,349.5
0.005,4.5,354.1
0.005,4.6,358.5
0.005,4.7,362.8
0.005,4.8,367
0.005,4.9,371.2
0.005,5,375.4
0.005,5.1,379.4
0.005,5.2,383.3
0.005,5.3,387.1
0.005,5.4,390.9
0.005,5.5,394.7
0.005,5.6,398.3
0.005,5.7,401.9
0.005,5.8,405.4
0.005,5.9,408.9
0.005,6,412.3
0.006,4,288.4
0.006,4.1,293.5
0.006,4.2,298.4
0.006,4.3,303.1
0.006,4.4,307.8
0.006,4.5,312.3
0.006,4.6,316.8
0.006,4.7,321.1
0.006,4.8,325.2
0.006,4.9,329.3
0.006,5,333.4
0.006,5.1,337.3
0.006,5.2,341.2
0.006,5.3,345
0.006,5.4,348.7
0.006,5.5,352.3
0.006,5.6,355.9
0.006,5.7,359.5
0.006,5.8,363
0.006,5.9,366.4
0.006,6,369.8
0.007,4,253.5
0.007,4.1,258.3
0.007,4.2,263
0.007,4.3,267.6
0.007,4.4,272.1
0.007,4.5,276.6
0.007,4.6,281.1
0.007,4.7,285.3
0.007,4.8,289.5
0.007,4.9,293.6
0.007,5,297.6
0.007,5.1,301.5
0.007,5.2,305.3
0.007,5.3,309
0.007,5.4,312.7
0.007,5.5,316.4
0.007,5.6,320
0.007,5.7,323.5
0.007,5.8,326.9
0.007,5.9,330.2
0.007,6,333.5
0.008,4,224.1
0.008,4.1,228.5
0.008,4.2,232.8
0.008,4.3,237.2
0.008,4.4,241.5
0.008,4.5,245.7
0.008,4.6,249.8
0.008,4.7,253.9
0.008,4.8,257.9
0.008,4.9,261.9
0.008,5,265.9
0.008,5.1,269.7
0.008,5.2,273.5
0.008,5.3,277.2
0.008,5.4,280.8
0.008,5.5,284.3
0.008,5.6,287.8
0.008,5.7,291.3
0.008,5.8,294.6
0.008,5.9,298
0.008,6,301.3
0.009,4,199.4
0.009,4.1,203.5
0.009,4.2,207.5
0.009,4.3,211.5
0.009,4.4,215.4
0.009,4.5,219.3
0.009,4.6,223.2
0.009,4.7,227
0.009,4.8,230.8
0.009,4.9,234.6
0.009,5,238.3
0.009,5.1,241.9
0.009,5.2,245.5
0.009,5.3,249.1
0.009,5.4,252.6
0.009,5.5,256.1
0.009,5.6,259.5
0.009,5.7,262.9
0.009,5.8,266.2
0.009,5.9,269.5
0.009,6,272.6
0.01,4,179
0.01,4.1,182.7
0.01,4.2,186.4
0.01,4.3,190
0.01,4.4,193.7
0.01,4.5,197.3
0.01,4.6,200.8
0.01,4.7,204.4
0.01,4.8,207.9
0.01,4.9,211.3
0.01,5,214.8
0.01,5.1,218.2
0.01,5.2,221.7
0.01,5.3,225
0.01,5.4,228.4
0.01,5.5,231.6
0.01,5.6,234.9
0.01,5.7,238.1
0.01,5.8,241.4
0.01,5.9,244.5
0.01,6,247.6
0.011,4,161.3
0.011,4.1,164.7
0.011,4.2,168
0.011,4.3,171.4
0.011,4.4,174.7
0.011,4.5,178
0.011,4.6,181.3
0.011,4.7,184.6
0.011,4.8,187.8
0.011,4.9,191.1
0.011,5,194.3
0.011,5.1,197.4
0.011,5.2,200.6
0.011,5.3,203.7
0.011,5.4,206.8
0.011,5.5,209.9
0.011,5.6,213
0.011,5.7,216
0.011,5.8,219
0.011,5.9,222
0.011,6,224.9
0.012,4,146.4
0.012,4.1,149.5
0.012,4.2,152.6
0.012,4.3,155.7
0.012,4.4,158.7
0.012,4.5,161.8
0.012,4.6,164.8
0.012,4.7,167.8
0.012,4.8,170.8
0.012,4.9,173.8
0.012,5,176.8
0.012,5.1,179.7
0.012,5.2,182.7
0.012,5.3,185.6
0.012,5.4,188.5
0.012,5.5,191.3
0.012,5.6,194.2
0.012,5.7,197
0.012,5.8,199.8
0.012,5.9,202.6
0.012,6,205.4
0.013,4,133.6
0.013,4.1,136.4
0.013,4.2,139.3
0.013,4.3,142.1
0.013,4.4,144.9
0.013,4.5,147.7
0.013,4.6,150.5
0.013,4.7,153.3
0.013,4.8,156.1
0.013,4.9,158.8
0.013,5,161.6
0.013,5.1,164.3
0.013,5.2,167
0.013,5.3,169.8
0.013,5.4,172.4
0.013,5.5,175.1
0.013,5.6,177.8
0.013,5.7,180.4
0.013,5.8,183.1
0.013,5.9,185.7
0.013,6,188.3
0.014,4,122.5
0.014,4.1,125.1
0.014,4.2,127.8
0.014,4.3,130.4
0.014,4.4,133
0.014,4.5,135.6
0.014,4.6,138.2
0.014,4.7,140.8
0.014,4.8,143.3
0.014,4.9,145.9
0.014,5,148.4
0.014,5.1,151
0.014,5.2,153.5
0.014,5.3,156
0.014,5.4,158.5
0.014,5.5,161
0.014,5.6,163.5
0.014,5.7,166
0.014,5.8,168.4
0.014,5.9,170.9
0.014,6,173.3
0.015,4,112.9
0.015,4.1,115.4
0.015,4.2,117.8
0.015,4.3,120.2
0.015,4.4,122.7
0.015,4.5,125.1
0.015,4.6,127.5
0.015,4.7,129.9
0.015,4.8,132.3
0.015,4.9,134.7
0.015,5,137
0.015,5.1,139.4
0.015,5.2,141.7
0.015,5.3,144.1
0.015,5.4,146.4
0.015,5.5,148.7
0.015,5.6,151.1
0.015,5.7,153.4
0.015,5.8,155.7
0.015,5.9,158
0.015,6,160.2
0.016,4,104.3
0.016,4.1,106.6
0.016,4.2,108.9
0.016,4.3,111.1
0.016,4.4,113.4
0.016,4.5,115.6
0.016,4.6,117.9
0.016,4.7,120.1
0.016,4.8,122.3
0.016,4.9,124.5
0.016,5,126.8
0.016,5.1,129
0.016,5.2,131.1
0.016,5.3,133.3
0.016,5.4,135.5
0.016,5.5,137.7
0.016,5.6,139.8
0.016,5.7,142
0.016,5.8,144.1
0.016,5.9,146.3
0.016,6,148.4
0.017,4,96.8
0.017,4.1,99
0.017,4.2,101.1
0.017,4.3,103.2
0.017,4.4,105.3
0.017,4.5,107.4
0.017,4.6,109.5
0.017,4.7,111.6
0.017,4.8,113.7
0.017,4.9,115.7
0.017,5,117.8
0.017,5.1,119.9
0.017,5.2,121.9
0.017,5.3,124
0.017,5.4,126
0.017,5.5,128
0.017,5.6,130.1
0.017,5.7,132.1
0.017,5.8,134.1
0.017,5.9,136.1
0.017,6,138.1
0.018,4,90.1
0.018,4.1,92.1
0.018,4.2,94.1
0.018,4.3,96.1
0.018,4.4,98
0.018,4.5,100
0.018,4.6,101.9
0.018,4.7,103.9
0.018,4.8,105.8
0.018,4.9,107.8
0.018,5,109.7
0.018,5.1,111.6
0.018,5.2,113.6
0.018,5.3,115.5
0.018,5.4,117.4
0.018,5.5,119.3
0.018,5.6,121.2
0.018,5.7,123.1
0.018,5.8,125
0.018,5.9,126.9
0.018,6,128.7
0.019,4,84.1
0.019,4.1,86
0.019,4.2,87.8
0.019,4.3,89.7
0.019,4.4,91.5
0.019,4.5,93.4
0.019,4.6,95.2
0.019,4.7,97.1
0.019,4.8,98.9
0.019,4.9,100.7
0.019,5,102.5
0.019,5.1,104.3
0.019,5.2,106.1
0.019,5.3,107.9
0.019,5.4,109.7
0.019,5.5,111.5
0.019,5.6,113.3
0.019,5.7,115.1
0.019,5.8,116.9
0.019,5.9,118.6
0.019,6,120.4
0.02,4,78.6
0.02,4.1,80.4
0.02,4.2,82.1
0.02,4.3,83.9
0.02,4.4,85.6
0.02,4.5,87.3
0.02,4.6,89.1
0.02,4.7,90.8
0.02,4.8,92.5
0.02,4.9,94.2
0.02,5,95.9
0.02,5.1,97.6
0.02,5.2,99.3
0.02,5.3,101
0.02,5.4,102.7
0.02,5.5,104.4
0.02,5.6,106.1
0.02,5.7,107.7
0.02,5.8,109.4
0.02,5.9,111.1
0.02,6,112.7
0.021,4,73.8
0.021,4.1,75.5
0.021,4.2,77.1
0.021,4.3,78.8
0.021,4.4,80.4
0.021,4.5,82
0.021,4.6,83.7
0.021,4.7,85.3
0.021,4.8,86.9
0.021,4.9,88.5
0.021,5,90.1
0.021,5.1,91.7
0.021,5.2,93.3
0.021,5.3,94.9
0.021,5.4,96.5
0.021,5.5,98.1
0.021,5.6,99.7
0.021,5.7,101.3
0.021,5.8,102.9
0.021,5.9,104.4
0.021,6,106
0.022,4,69.4
0.022,4.1,71
0.022,4.2,72.6
0.022,4.3,74.1
0.022,4.4,75.7
0.022,4.5,77.2
0.022,4.6,78.8
0.022,4.7,80.3
0.022,4.8,81.8
0.022,4.9,83.4
0.022,5,84.9
0.022,5.1,86.4
0.022,5.2,87.9
0.022,5.3,89.4
0.022,5.4,90.9
0.022,5.5,92.4
0.022,5.6,93.9
0.022,5.7,95.4
0.022,5.8,96.9
0.022,5.9,98.4
0.022,6,99.9
0.023,4,65.4
0.023,4.1,66.9
0.023,4.2,68.4
0.023,4.3,69.9
0.023,4.4,71.3
0.023,4.5,72.8
0.023,4.6,74.3
0.023,4.7,75.7
0.023,4.8,77.2
0.023,4.9,78.6
0.023,5,80.1
0.023,5.1,81.5
0.023,5.2,82.9
0.023,5.3,84.3
0.023,5.4,85.8
0.023,5.5,87.2
0.023,5.6,88.6
0.023,5.7,90
0.023,5.8,91.4
0.023,5.9,92.8
0.023,6,94.3
0.024,4,61.7
0.024,4.1,63.2
0.024,4.2,64.6
0.024,4.3,66
0.024,4.4,67.4
0.024,4.5,68.8
0.024,4.6,70.2
0.024,4.7,71.6
0.024,4.8,73
0.024,4.9,74.3
0.024,5,75.7
0.024,5.1,77
0.024,5.2,78.4
0.024,5.3,79.8
0.024,5.4,81.1
0.024,5.5,82.5
0.024,5.6,83.8
0.024,5.7,85.2
0.024,5.8,86.5
0.024,5.9,87.8
0.024,6,89.2
0.025,4,58.4
0.025,4.1,59.8
0.025,4.2,61.1
0.025,4.3,62.5
0.025,4.4,63.8
0.025,4.5,65.1
0.025,4.6,66.5
0.025,4.7,67.8
0.025,4.8,69.1
0.025,4.9,70.4
0.025,5,71.7
0.025,5.1,73
0.025,5.2,74.3
0.025,5.3,75.6
0.025,5.4,76.9
0.025,5.5,78.2
0.025,5.6,79.4
0.025,5.7,80.7
0.025,5.8,82
0.025,5.9,83.3
0.025,6,84.5
